vid,date
h1-111.2009,2009-01-06
h8-111.2009,2009-01-09
s1-111.2009,2009-01-11
h11-111.2009,2009-01-13
h14-111.2009,2009-01-14
h17-111.2009,2009-01-14
h22-111.2009,2009-01-15
h21-111.2009,2009-01-15
h29-111.2009,2009-01-22
s7-111.2009,2009-01-22
s9-111.2009,2009-01-22
h36-111.2009,2009-01-27
h45-111.2009,2009-01-28
h40-111.2009,2009-01-28
s31-111.2009,2009-01-29
s32-111.2009,2009-02-02
h48-111.2009,2009-02-03
h49-111.2009,2009-02-03
s36-111.2009,2009-02-03
s40-111.2009,2009-02-04
s43-111.2009,2009-02-04
s38-111.2009,2009-02-04
s41-111.2009,2009-02-04
s47-111.2009,2009-02-05
s46-111.2009,2009-02-05
s57-111.2009,2009-02-06
s55-111.2009,2009-02-06
s58-111.2009,2009-02-06
s62-111.2009,2009-02-11
h60-111.2009,2009-02-11
h70-111.2009,2009-02-13
s64-111.2009,2009-02-13
s65-111.2009,2009-02-24
h77-111.2009,2009-02-24
s73-111.2009,2009-02-26
h94-111.2009,2009-03-04
s78-111.2009,2009-03-04
h95-111.2009,2009-03-04
s84-111.2009,2009-03-05
h107-111.2009,2009-03-06
s89-111.2009,2009-03-09
s86-111.2009,2009-03-09
s87-111.2009,2009-03-09
s95-111.2009,2009-03-10
s97-111.2009,2009-03-12
h127-111.2009,2009-03-16
s101-111.2009,2009-03-18
h132-111.2009,2009-03-18
h139-111.2009,2009-03-18
s103-111.2009,2009-03-18
h138-111.2009,2009-03-18
s102-111.2009,2009-03-18
h144-111.2009,2009-03-19
s105-111.2009,2009-03-19
h156-111.2009,2009-03-25
s111-111.2009,2009-03-25
h150-111.2009,2009-03-25
h162-111.2009,2009-03-26
s114-111.2009,2009-03-26
s113-111.2009,2009-03-26
h157-111.2009,2009-03-26
h160-111.2009,2009-03-26
h174-111.2009,2009-03-31
s118-111.2009,2009-03-31
h172-111.2009,2009-03-31
s119-111.2009,2009-04-01
s124-111.2009,2009-04-01
h175-111.2009,2009-04-01
h182-111.2009,2009-04-01
s122-111.2009,2009-04-01
s127-111.2009,2009-04-01
s121-111.2009,2009-04-01
s123-111.2009,2009-04-01
h192-111.2009,2009-04-02
s144-111.2009,2009-04-02
s139-111.2009,2009-04-02
s130-111.2009,2009-04-02
s129-111.2009,2009-04-02
s153-111.2009,2009-04-02
s133-111.2009,2009-04-02
h183-111.2009,2009-04-02
s137-111.2009,2009-04-02
h190-111.2009,2009-04-02
s159-111.2009,2009-04-21
s160-111.2009,2009-04-22
h196-111.2009,2009-04-22
s166-111.2009,2009-04-23
h202-111.2009,2009-04-23
h200-111.2009,2009-04-23
s168-111.2009,2009-04-23
s167-111.2009,2009-04-23
s170-111.2009,2009-04-27
h211-111.2009,2009-04-28
h220-111.2009,2009-04-29
h226-111.2009,2009-04-30
h225-111.2009,2009-04-30
h228-111.2009,2009-04-30
h230-111.2009,2009-05-04
s181-111.2009,2009-05-05
h232-111.2009,2009-05-05
s178-111.2009,2009-05-05
h231-111.2009,2009-05-05
h234-111.2009,2009-05-06
h246-111.2009,2009-05-13
s189-111.2009,2009-05-13
h247-111.2009,2009-05-13
h250-111.2009,2009-05-13
h259-111.2009,2009-05-14
h265-111.2009,2009-05-14
h263-111.2009,2009-05-14
h268-111.2009,2009-05-18
h273-111.2009,2009-05-20
h281-111.2009,2009-05-20
s196-111.2009,2009-05-20
h279-111.2009,2009-05-20
h274-111.2009,2009-05-20
h275-111.2009,2009-05-20
s199-111.2009,2009-05-20
h290-111.2009,2009-05-21
s201-111.2009,2009-05-21
h285-111.2009,2009-05-21
h283-111.2009,2009-05-21
s200-111.2009,2009-05-21
h297-111.2009,2009-06-03
h302-111.2009,2009-06-04
h308-111.2009,2009-06-04
h305-111.2009,2009-06-04
h307-111.2009,2009-06-04
h311-111.2009,2009-06-08
h322-111.2009,2009-06-10
h320-111.2009,2009-06-10
h318-111.2009,2009-06-10
h333-111.2009,2009-06-11
h329-111.2009,2009-06-11
h332-111.2009,2009-06-11
h339-111.2009,2009-06-15
h342-111.2009,2009-06-16
h340-111.2009,2009-06-16
h346-111.2009,2009-06-16
h348-111.2009,2009-06-16
h351-111.2009,2009-06-17
h377-111.2009,2009-06-18
h373-111.2009,2009-06-18
h398-111.2009,2009-06-18
h389-111.2009,2009-06-18
h397-111.2009,2009-06-18
h383-111.2009,2009-06-18
h399-111.2009,2009-06-18
h359-111.2009,2009-06-18
h361-111.2009,2009-06-18
h405-111.2009,2009-06-18
h357-111.2009,2009-06-18
s210-111.2009,2009-06-18
h378-111.2009,2009-06-18
h364-111.2009,2009-06-18
h375-111.2009,2009-06-18
h374-111.2009,2009-06-18
h394-111.2009,2009-06-18
h407-111.2009,2009-06-18
h406-111.2009,2009-06-18
h372-111.2009,2009-06-18
h360-111.2009,2009-06-18
h415-111.2009,2009-06-19
h418-111.2009,2009-06-19
s211-111.2009,2009-06-22
h422-111.2009,2009-06-23
h428-111.2009,2009-06-24
h441-111.2009,2009-06-24
h426-111.2009,2009-06-24
h434-111.2009,2009-06-24
h432-111.2009,2009-06-24
h424-111.2009,2009-06-24
h431-111.2009,2009-06-24
h461-111.2009,2009-06-25
h457-111.2009,2009-06-25
h470-111.2009,2009-06-26
h472-111.2009,2009-06-26
h465-111.2009,2009-06-26
h473-111.2009,2009-06-26
h464-111.2009,2009-06-26
h475-111.2009,2009-06-26
h467-111.2009,2009-06-26
h466-111.2009,2009-06-26
h476-111.2009,2009-06-26
s220-111.2009,2009-07-08
h486-111.2009,2009-07-08
s219-111.2009,2009-07-08
h488-111.2009,2009-07-08
h493-111.2009,2009-07-08
h495-111.2009,2009-07-08
h494-111.2009,2009-07-08
h522-111.2009,2009-07-09
h518-111.2009,2009-07-09
h510-111.2009,2009-07-09
h514-111.2009,2009-07-09
h506-111.2009,2009-07-09
s226-111.2009,2009-07-09
h515-111.2009,2009-07-09
h504-111.2009,2009-07-09
h505-111.2009,2009-07-09
s228-111.2009,2009-07-09
h500-111.2009,2009-07-09
h502-111.2009,2009-07-09
h528-111.2009,2009-07-10
s230-111.2009,2009-07-13
h532-111.2009,2009-07-14
h531-111.2009,2009-07-14
h542-111.2009,2009-07-15
h559-111.2009,2009-07-16
h551-111.2009,2009-07-16
h568-111.2009,2009-07-16
h549-111.2009,2009-07-16
h553-111.2009,2009-07-16
h548-111.2009,2009-07-16
s231-111.2009,2009-07-16
h585-111.2009,2009-07-17
h586-111.2009,2009-07-17
h587-111.2009,2009-07-17
h592-111.2009,2009-07-17
h593-111.2009,2009-07-20
h594-111.2009,2009-07-20
h603-111.2009,2009-07-21
h601-111.2009,2009-07-21
h597-111.2009,2009-07-21
h606-111.2009,2009-07-22
h613-111.2009,2009-07-22
h633-111.2009,2009-07-23
h623-111.2009,2009-07-23
h618-111.2009,2009-07-23
h632-111.2009,2009-07-23
s242-111.2009,2009-07-23
h631-111.2009,2009-07-23
h617-111.2009,2009-07-23
h636-111.2009,2009-07-23
h622-111.2009,2009-07-23
h630-111.2009,2009-07-23
h644-111.2009,2009-07-24
h645-111.2009,2009-07-24
h643-111.2009,2009-07-24
h647-111.2009,2009-07-27
h650-111.2009,2009-07-28
s246-111.2009,2009-07-29
h654-111.2009,2009-07-29
s244-111.2009,2009-07-29
h663-111.2009,2009-07-30
h669-111.2009,2009-07-30
h679-111.2009,2009-07-30
h664-111.2009,2009-07-30
s266-111.2009,2009-08-06
s269-111.2009,2009-08-06
s264-111.2009,2009-08-06
s270-111.2009,2009-08-06
h693-111.2009,2009-09-09
h692-111.2009,2009-09-09
h694-111.2009,2009-09-10
h695-111.2009,2009-09-10
h696-111.2009,2009-09-14
h699-111.2009,2009-09-15
h708-111.2009,2009-09-16
s279-111.2009,2009-09-16
s281-111.2009,2009-09-16
s278-111.2009,2009-09-16
h703-111.2009,2009-09-16
s287-111.2009,2009-09-17
s286-111.2009,2009-09-17
h715-111.2009,2009-09-17
h710-111.2009,2009-09-17
h713-111.2009,2009-09-17
s285-111.2009,2009-09-17
h727-111.2009,2009-09-23
s294-111.2009,2009-09-23
h730-111.2009,2009-09-23
s297-111.2009,2009-09-24
s299-111.2009,2009-09-29
h740-111.2009,2009-09-29
h742-111.2009,2009-09-29
h743-111.2009,2009-09-30
h753-111.2009,2009-10-06
s312-111.2009,2009-10-06
s306-111.2009,2009-10-06
h756-111.2009,2009-10-07
h763-111.2009,2009-10-07
h768-111.2009,2009-10-08
h777-111.2009,2009-10-14
h776-111.2009,2009-10-14
h775-111.2009,2009-10-14
h789-111.2009,2009-10-15
h787-111.2009,2009-10-15
h780-111.2009,2009-10-15
h795-111.2009,2009-10-21
h804-111.2009,2009-10-22
h807-111.2009,2009-10-22
h798-111.2009,2009-10-22
h820-111.2009,2009-10-28
s330-111.2009,2009-10-29
h829-111.2009,2009-10-29
h834-111.2009,2009-11-02
h850-111.2009,2009-11-04
h844-111.2009,2009-11-04
h845-111.2009,2009-11-04
h841-111.2009,2009-11-04
s333-111.2009,2009-11-04
h863-111.2009,2009-11-05
s339-111.2009,2009-11-05
s338-111.2009,2009-11-05
h864-111.2009,2009-11-05
h856-111.2009,2009-11-05
h874-111.2009,2009-11-06
h868-111.2009,2009-11-06
h867-111.2009,2009-11-06
h869-111.2009,2009-11-06
h881-111.2009,2009-11-07
h891-111.2009,2009-11-16
h893-111.2009,2009-11-17
s346-111.2009,2009-11-17
s349-111.2009,2009-11-17
h896-111.2009,2009-11-18
h897-111.2009,2009-11-18
h906-111.2009,2009-11-19
h902-111.2009,2009-11-19
h917-111.2009,2009-12-02
s358-111.2009,2009-12-03
h924-111.2009,2009-12-03
s361-111.2009,2009-12-04
s368-111.2009,2009-12-07
s369-111.2009,2009-12-08
s370-111.2009,2009-12-08
h933-111.2009,2009-12-08
h935-111.2009,2009-12-08
h945-111.2009,2009-12-09
h939-111.2009,2009-12-09
h941-111.2009,2009-12-09
h953-111.2009,2009-12-10
h952-111.2009,2009-12-10
h947-111.2009,2009-12-10
h956-111.2009,2009-12-10
s372-111.2009,2009-12-11
h962-111.2009,2009-12-11
h964-111.2009,2009-12-11
h960-111.2009,2009-12-11
h968-111.2009,2009-12-11
h969-111.2009,2009-12-14
h974-111.2009,2009-12-15
h973-111.2009,2009-12-15
h971-111.2009,2009-12-15
s377-111.2009,2009-12-15
h972-111.2009,2009-12-15
h983-111.2009,2009-12-16
s379-111.2009,2009-12-16
h981-111.2009,2009-12-16
h987-111.2009,2009-12-16
s385-111.2009,2009-12-21
s391-111.2009,2009-12-23
s396-111.2009,2009-12-24
h1-111.2010,2010-01-12
h2-111.2010,2010-01-13
h6-111.2010,2010-01-19
h7-111.2010,2010-01-19
s1-111.2010,2010-01-20
h9-111.2010,2010-01-20
h11-111.2010,2010-01-20
h15-111.2010,2010-01-21
s2-111.2010,2010-01-21
s3-111.2010,2010-01-25
s6-111.2010,2010-01-26
s9-111.2010,2010-01-26
s7-111.2010,2010-01-26
h22-111.2010,2010-01-27
s14-111.2010,2010-01-28
h27-111.2010,2010-02-02
h29-111.2010,2010-02-03
h34-111.2010,2010-02-03
h37-111.2010,2010-02-03
s18-111.2010,2010-02-04
h47-111.2010,2010-02-04
h43-111.2010,2010-02-04
h42-111.2010,2010-02-04
h59-111.2010,2010-02-23
h58-111.2010,2010-02-23
h54-111.2010,2010-02-23
h61-111.2010,2010-02-24
h70-111.2010,2010-02-26
h71-111.2010,2010-02-26
h77-111.2010,2010-03-02
s30-111.2010,2010-03-02
s38-111.2010,2010-03-03
h82-111.2010,2010-03-03
h84-111.2010,2010-03-04
h86-111.2010,2010-03-04
h93-111.2010,2010-03-09
s46-111.2010,2010-03-09
s45-111.2010,2010-03-09
h96-111.2010,2010-03-10
h99-111.2010,2010-03-10
h104-111.2010,2010-03-11
h107-111.2010,2010-03-11
h105-111.2010,2010-03-11
h110-111.2010,2010-03-12
h113-111.2010,2010-03-15
h114-111.2010,2010-03-15
s49-111.2010,2010-03-15
h118-111.2010,2010-03-16
s54-111.2010,2010-03-17
h125-111.2010,2010-03-17
h122-111.2010,2010-03-17
h129-111.2010,2010-03-18
h128-111.2010,2010-03-18
s60-111.2010,2010-03-18
h132-111.2010,2010-03-18
s57-111.2010,2010-03-18
h138-111.2010,2010-03-19
h145-111.2010,2010-03-19
h146-111.2010,2010-03-19
h165-111.2010,2010-03-21
h158-111.2010,2010-03-21
h169-111.2010,2010-03-21
h156-111.2010,2010-03-21
h170-111.2010,2010-03-22
h176-111.2010,2010-03-23
h173-111.2010,2010-03-23
h177-111.2010,2010-03-23
h175-111.2010,2010-03-23
s65-111.2010,2010-03-24
h186-111.2010,2010-03-24
s79-111.2010,2010-03-24
h180-111.2010,2010-03-24
s68-111.2010,2010-03-24
s75-111.2010,2010-03-24
h188-111.2010,2010-03-25
s106-111.2010,2010-03-25
s101-111.2010,2010-03-25
s86-111.2010,2010-03-25
s102-111.2010,2010-03-25
s103-111.2010,2010-03-25
h199-111.2010,2010-04-14
s111-111.2010,2010-04-14
h205-111.2010,2010-04-15
s116-111.2010,2010-04-15
h210-111.2010,2010-04-15
h212-111.2010,2010-04-20
h216-111.2010,2010-04-21
h220-111.2010,2010-04-22
h218-111.2010,2010-04-22
h221-111.2010,2010-04-26
h230-111.2010,2010-04-28
h227-111.2010,2010-04-28
s127-111.2010,2010-04-28
h232-111.2010,2010-04-29
h239-111.2010,2010-04-29
h241-111.2010,2010-04-29
h240-111.2010,2010-04-29
h243-111.2010,2010-05-04
h252-111.2010,2010-05-06
s133-111.2010,2010-05-06
h264-111.2010,2010-05-12
s141-111.2010,2010-05-12
h262-111.2010,2010-05-12
s145-111.2010,2010-05-12
s144-111.2010,2010-05-12
h271-111.2010,2010-05-13
h268-111.2010,2010-05-13
s152-111.2010,2010-05-17
s157-111.2010,2010-05-18
s156-111.2010,2010-05-18
h273-111.2010,2010-05-18
h275-111.2010,2010-05-18
s159-111.2010,2010-05-19
h277-111.2010,2010-05-19
h288-111.2010,2010-05-20
h286-111.2010,2010-05-20
h290-111.2010,2010-05-20
h284-111.2010,2010-05-20
h292-111.2010,2010-05-24
h298-111.2010,2010-05-25
h294-111.2010,2010-05-25
h317-111.2010,2010-05-27
s174-111.2010,2010-05-27
h312-111.2010,2010-05-27
h309-111.2010,2010-05-27
s173-111.2010,2010-05-27
h310-111.2010,2010-05-27
h321-111.2010,2010-05-28
h336-111.2010,2010-05-28
h342-111.2010,2010-06-09
h340-111.2010,2010-06-09
h343-111.2010,2010-06-09
h345-111.2010,2010-06-09
h355-111.2010,2010-06-14
h356-111.2010,2010-06-14
h357-111.2010,2010-06-14
s185-111.2010,2010-06-15
s187-111.2010,2010-06-15
s188-111.2010,2010-06-15
h359-111.2010,2010-06-15
s190-111.2010,2010-06-16
s192-111.2010,2010-06-16
h367-111.2010,2010-06-16
s191-111.2010,2010-06-16
h375-111.2010,2010-06-17
h368-111.2010,2010-06-17
s196-111.2010,2010-06-21
h379-111.2010,2010-06-23
h384-111.2010,2010-06-23
h393-111.2010,2010-06-24
h388-111.2010,2010-06-24
h398-111.2010,2010-06-29
h409-111.2010,2010-06-30
h403-111.2010,2010-06-30
h412-111.2010,2010-06-30
h410-111.2010,2010-06-30
h404-111.2010,2010-06-30
h420-111.2010,2010-07-01
h433-111.2010,2010-07-01
h415-111.2010,2010-07-01
s205-111.2010,2010-07-12
h436-111.2010,2010-07-13
h438-111.2010,2010-07-14
h441-111.2010,2010-07-14
s207-111.2010,2010-07-15
h448-111.2010,2010-07-19
s209-111.2010,2010-07-20
h460-111.2010,2010-07-21
h458-111.2010,2010-07-21
h456-111.2010,2010-07-21
s212-111.2010,2010-07-21
h463-111.2010,2010-07-22
h464-111.2010,2010-07-22
s218-111.2010,2010-07-22
h462-111.2010,2010-07-22
h469-111.2010,2010-07-26
h468-111.2010,2010-07-26
h477-111.2010,2010-07-28
h480-111.2010,2010-07-28
h487-111.2010,2010-07-29
h498-111.2010,2010-07-29
h490-111.2010,2010-07-29
h495-111.2010,2010-07-29
h489-111.2010,2010-07-29
h511-111.2010,2010-07-30
h503-111.2010,2010-07-30
h502-111.2010,2010-07-30
h500-111.2010,2010-07-30
h507-111.2010,2010-07-30
s225-111.2010,2010-08-04
s224-111.2010,2010-08-04
s227-111.2010,2010-08-05
s229-111.2010,2010-08-05
h515-111.2010,2010-08-10
h517-111.2010,2010-08-10
h518-111.2010,2010-08-10
s232-111.2010,2010-09-14
s233-111.2010,2010-09-14
s231-111.2010,2010-09-14
h525-111.2010,2010-09-15
h530-111.2010,2010-09-16
s234-111.2010,2010-09-16
h559-111.2010,2010-09-29
h550-111.2010,2010-09-29
h554-111.2010,2010-09-29
h557-111.2010,2010-09-29
s247-111.2010,2010-09-29
h562-111.2010,2010-09-29
h564-111.2010,2010-09-30
h567-111.2010,2010-11-15
h569-111.2010,2010-11-16
h573-111.2010,2010-11-17
s249-111.2010,2010-11-17
h579-111.2010,2010-11-18
h577-111.2010,2010-11-18
h576-111.2010,2010-11-18
s252-111.2010,2010-11-29
h585-111.2010,2010-11-30
s255-111.2010,2010-11-30
s256-111.2010,2010-11-30
h586-111.2010,2010-11-30
h584-111.2010,2010-11-30
h593-111.2010,2010-12-01
h594-111.2010,2010-12-01
h598-111.2010,2010-12-02
h605-111.2010,2010-12-02
h608-111.2010,2010-12-07
h610-111.2010,2010-12-07
h613-111.2010,2010-12-08
s263-111.2010,2010-12-08
h620-111.2010,2010-12-08
h624-111.2010,2010-12-08
h621-111.2010,2010-12-08
s268-111.2010,2010-12-09
s270-111.2010,2010-12-09
h635-111.2010,2010-12-15
h637-111.2010,2010-12-15
h644-111.2010,2010-12-16
h639-111.2010,2010-12-16
h654-111.2010,2010-12-17
h656-111.2010,2010-12-17
h652-111.2010,2010-12-17
h650-111.2010,2010-12-17
h663-111.2010,2010-12-21
s290-111.2010,2010-12-21
s294-111.2010,2010-12-21
s288-111.2010,2010-12-21
h5-112.2011,2011-01-05
h7-112.2011,2011-01-06
h10-112.2011,2011-01-07
h15-112.2011,2011-01-20
h19-112.2011,2011-01-25
s5-112.2011,2011-01-27
s11-112.2011,2011-02-03
s12-112.2011,2011-02-07
h26-112.2011,2011-02-08
h31-112.2011,2011-02-10
h29-112.2011,2011-02-10
h33-112.2011,2011-02-11
h36-112.2011,2011-02-14
h38-112.2011,2011-02-15
s18-112.2011,2011-02-15
h41-112.2011,2011-02-15
h44-112.2011,2011-02-15
h40-112.2011,2011-02-15
h48-112.2011,2011-02-16
h54-112.2011,2011-02-16
h49-112.2011,2011-02-16
h53-112.2011,2011-02-16
h72-112.2011,2011-02-17
s25-112.2011,2011-02-17
h66-112.2011,2011-02-17
h81-112.2011,2011-02-17
h73-112.2011,2011-02-17
h80-112.2011,2011-02-17
h68-112.2011,2011-02-17
h103-112.2011,2011-02-18
h117-112.2011,2011-02-18
h116-112.2011,2011-02-18
h113-112.2011,2011-02-18
h107-112.2011,2011-02-18
h100-112.2011,2011-02-18
h109-112.2011,2011-02-18
h120-112.2011,2011-02-18
h111-112.2011,2011-02-18
h119-112.2011,2011-02-18
h129-112.2011,2011-02-19
h133-112.2011,2011-02-19
h137-112.2011,2011-02-19
h141-112.2011,2011-02-19
h140-112.2011,2011-02-19
h136-112.2011,2011-02-19
h148-112.2011,2011-02-28
h154-112.2011,2011-03-01
h155-112.2011,2011-03-02
h158-112.2011,2011-03-02
h161-112.2011,2011-03-03
s32-112.2011,2011-03-07
s35-112.2011,2011-03-08
h164-112.2011,2011-03-08
h166-112.2011,2011-03-09
h170-112.2011,2011-03-10
h176-112.2011,2011-03-14
h178-112.2011,2011-03-15
h177-112.2011,2011-03-15
h188-112.2011,2011-03-16
h181-112.2011,2011-03-16
s44-112.2011,2011-03-17
h191-112.2011,2011-03-17
h197-112.2011,2011-03-29
h203-112.2011,2011-03-30
h200-112.2011,2011-03-30
h199-112.2011,2011-03-30
h212-112.2011,2011-03-31
h222-112.2011,2011-04-01
h214-112.2011,2011-04-01
s47-112.2011,2011-04-04
s50-112.2011,2011-04-05
h228-112.2011,2011-04-05
h238-112.2011,2011-04-06
h233-112.2011,2011-04-06
s55-112.2011,2011-04-06
s52-112.2011,2011-04-06
h248-112.2011,2011-04-07
h245-112.2011,2011-04-07
h246-112.2011,2011-04-07
h244-112.2011,2011-04-07
h253-112.2011,2011-04-09
h262-112.2011,2011-04-13
h264-112.2011,2011-04-13
h272-112.2011,2011-04-14
h271-112.2011,2011-04-14
h273-112.2011,2011-04-15
h280-112.2011,2011-05-03
s65-112.2011,2011-05-04
h290-112.2011,2011-05-04
h295-112.2011,2011-05-05
h305-112.2011,2011-05-11
h306-112.2011,2011-05-11
h313-112.2011,2011-05-11
h317-112.2011,2011-05-12
h318-112.2011,2011-05-12
h320-112.2011,2011-05-12
h324-112.2011,2011-05-13
h329-112.2011,2011-05-13
s72-112.2011,2011-05-17
h332-112.2011,2011-05-23
h337-112.2011,2011-05-24
h333-112.2011,2011-05-24
h349-112.2011,2011-05-25
h348-112.2011,2011-05-25
h342-112.2011,2011-05-25
s81-112.2011,2011-05-26
h356-112.2011,2011-05-26
h374-112.2011,2011-05-26
h369-112.2011,2011-05-26
h367-112.2011,2011-05-26
h364-112.2011,2011-05-26
s84-112.2011,2011-05-26
h368-112.2011,2011-05-26
h361-112.2011,2011-05-26
h365-112.2011,2011-05-26
h391-112.2011,2011-06-02
h405-112.2011,2011-06-02
h392-112.2011,2011-06-02
h389-112.2011,2011-06-02
h401-112.2011,2011-06-02
h398-112.2011,2011-06-02
h400-112.2011,2011-06-02
h397-112.2011,2011-06-02
h406-112.2011,2011-06-02
s85-112.2011,2011-06-06
h419-112.2011,2011-06-14
h418-112.2011,2011-06-14
h430-112.2011,2011-06-15
h422-112.2011,2011-06-15
h433-112.2011,2011-06-15
h425-112.2011,2011-06-15
h428-112.2011,2011-06-15
h434-112.2011,2011-06-15
h432-112.2011,2011-06-15
s91-112.2011,2011-06-16
h455-112.2011,2011-06-16
h452-112.2011,2011-06-16
h444-112.2011,2011-06-16
h447-112.2011,2011-06-16
h446-112.2011,2011-06-16
h459-112.2011,2011-06-16
h437-112.2011,2011-06-16
s90-112.2011,2011-06-16
h467-112.2011,2011-06-22
h466-112.2011,2011-06-22
h478-112.2011,2011-06-22
h487-112.2011,2011-06-23
h485-112.2011,2011-06-23
h483-112.2011,2011-06-23
h494-112.2011,2011-06-24
s102-112.2011,2011-06-29
s100-112.2011,2011-06-29
s99-112.2011,2011-06-29
s105-112.2011,2011-07-05
h495-112.2011,2011-07-06
h497-112.2011,2011-07-06
h498-112.2011,2011-07-06
h499-112.2011,2011-07-06
h511-112.2011,2011-07-07
h513-112.2011,2011-07-07
h516-112.2011,2011-07-07
h505-112.2011,2011-07-07
h519-112.2011,2011-07-07
h523-112.2011,2011-07-07
h503-112.2011,2011-07-07
h518-112.2011,2011-07-07
h531-112.2011,2011-07-08
h533-112.2011,2011-07-08
h557-112.2011,2011-07-12
h563-112.2011,2011-07-12
h545-112.2011,2011-07-12
h546-112.2011,2011-07-12
h549-112.2011,2011-07-12
h566-112.2011,2011-07-13
h570-112.2011,2011-07-13
h572-112.2011,2011-07-13
s111-112.2011,2011-07-14
h577-112.2011,2011-07-14
h581-112.2011,2011-07-14
h597-112.2011,2011-07-15
h586-112.2011,2011-07-15
h607-112.2011,2011-07-19
h609-112.2011,2011-07-20
h629-112.2011,2011-07-22
h625-112.2011,2011-07-22
h631-112.2011,2011-07-25
h639-112.2011,2011-07-26
h642-112.2011,2011-07-26
h643-112.2011,2011-07-26
h638-112.2011,2011-07-26
h648-112.2011,2011-07-26
h654-112.2011,2011-07-27
h659-112.2011,2011-07-27
h655-112.2011,2011-07-27
h656-112.2011,2011-07-27
h664-112.2011,2011-07-28
h676-112.2011,2011-07-29
h681-112.2011,2011-07-30
h682-112.2011,2011-07-30
s121-112.2011,2011-07-30
h689-112.2011,2011-08-01
s124-112.2011,2011-09-06
s128-112.2011,2011-09-08
h698-112.2011,2011-09-09
h701-112.2011,2011-09-12
h699-112.2011,2011-09-12
s131-112.2011,2011-09-12
h704-112.2011,2011-09-13
h703-112.2011,2011-09-13
s134-112.2011,2011-09-15
s136-112.2011,2011-09-15
h707-112.2011,2011-09-15
s141-112.2011,2011-09-20
s143-112.2011,2011-09-21
s145-112.2011,2011-09-21
s146-112.2011,2011-09-22
s150-112.2011,2011-09-22
h735-112.2011,2011-09-23
h730-112.2011,2011-09-23
h732-112.2011,2011-09-23
h731-112.2011,2011-09-23
h738-112.2011,2011-09-23
h744-112.2011,2011-10-03
h753-112.2011,2011-10-05
h754-112.2011,2011-10-05
h749-112.2011,2011-10-05
h763-112.2011,2011-10-06
h762-112.2011,2011-10-06
h769-112.2011,2011-10-06
h768-112.2011,2011-10-06
s156-112.2011,2011-10-06
h784-112.2011,2011-10-12
h781-112.2011,2011-10-12
s165-112.2011,2011-10-13
h791-112.2011,2011-10-13
s164-112.2011,2011-10-13
h793-112.2011,2011-10-14
h792-112.2011,2011-10-14
h799-112.2011,2011-10-14
s166-112.2011,2011-10-17
s177-112.2011,2011-10-20
s172-112.2011,2011-10-20
s178-112.2011,2011-10-20
s186-112.2011,2011-10-21
s184-112.2011,2011-10-21
h802-112.2011,2011-10-24
h807-112.2011,2011-10-26
h815-112.2011,2011-10-27
s193-112.2011,2011-11-01
s191-112.2011,2011-11-01
s192-112.2011,2011-11-01
h818-112.2011,2011-11-02
h826-112.2011,2011-11-03
h827-112.2011,2011-11-03
s197-112.2011,2011-11-03
h829-112.2011,2011-11-04
h836-112.2011,2011-11-04
s200-112.2011,2011-11-10
s202-112.2011,2011-11-10
h840-112.2011,2011-11-15
h842-112.2011,2011-11-15
h845-112.2011,2011-11-16
h853-112.2011,2011-11-16
h846-112.2011,2011-11-16
h858-112.2011,2011-11-18
h861-112.2011,2011-11-29
h871-112.2011,2011-11-30
h870-112.2011,2011-11-30
h875-112.2011,2011-12-01
s213-112.2011,2011-12-01
s216-112.2011,2011-12-01
h872-112.2011,2011-12-01
h873-112.2011,2011-12-01
s219-112.2011,2011-12-01
h887-112.2011,2011-12-02
h886-112.2011,2011-12-02
h891-112.2011,2011-12-06
s222-112.2011,2011-12-06
h894-112.2011,2011-12-07
h896-112.2011,2011-12-07
h898-112.2011,2011-12-07
h900-112.2011,2011-12-07
h906-112.2011,2011-12-08
h912-112.2011,2011-12-08
s227-112.2011,2011-12-12
h915-112.2011,2011-12-12
h918-112.2011,2011-12-13
h929-112.2011,2011-12-14
h934-112.2011,2011-12-15
h937-112.2011,2011-12-16
s235-112.2011,2011-12-17
s234-112.2011,2011-12-17
h945-112.2011,2011-12-20
h1-112.2012,2012-01-17
h3-112.2012,2012-01-18
h12-112.2012,2012-01-31
h20-112.2012,2012-02-01
h16-112.2012,2012-02-01
h14-112.2012,2012-02-01
h21-112.2012,2012-02-02
s11-112.2012,2012-02-02
s14-112.2012,2012-02-02
h22-112.2012,2012-02-02
h39-112.2012,2012-02-07
h44-112.2012,2012-02-08
s17-112.2012,2012-02-09
h52-112.2012,2012-02-15
h53-112.2012,2012-02-15
h55-112.2012,2012-02-15
h65-112.2012,2012-02-16
s22-112.2012,2012-02-17
s20-112.2012,2012-02-17
s23-112.2012,2012-02-27
h77-112.2012,2012-02-28
h74-112.2012,2012-02-28
h78-112.2012,2012-02-28
h80-112.2012,2012-02-29
h91-112.2012,2012-02-29
h92-112.2012,2012-03-01
s25-112.2012,2012-03-06
s26-112.2012,2012-03-06
h104-112.2012,2012-03-07
h102-112.2012,2012-03-07
h105-112.2012,2012-03-07
h108-112.2012,2012-03-08
s35-112.2012,2012-03-08
s46-112.2012,2012-03-14
h117-112.2012,2012-03-20
h112-112.2012,2012-03-20
h118-112.2012,2012-03-21
s58-112.2012,2012-03-22
s56-112.2012,2012-03-22
h129-112.2012,2012-03-26
h128-112.2012,2012-03-26
h138-112.2012,2012-03-27
h135-112.2012,2012-03-27
h144-112.2012,2012-03-28
h139-112.2012,2012-03-28
h151-112.2012,2012-03-29
h150-112.2012,2012-03-29
s64-112.2012,2012-04-16
h153-112.2012,2012-04-16
h154-112.2012,2012-04-17
h168-112.2012,2012-04-18
h165-112.2012,2012-04-18
h176-112.2012,2012-04-19
h172-112.2012,2012-04-19
h178-112.2012,2012-04-24
h180-112.2012,2012-04-25
s77-112.2012,2012-04-25
s80-112.2012,2012-04-25
h182-112.2012,2012-04-26
h190-112.2012,2012-04-26
s86-112.2012,2012-04-26
s85-112.2012,2012-04-26
h186-112.2012,2012-04-26
s83-112.2012,2012-04-26
h194-112.2012,2012-04-27
h206-112.2012,2012-05-08
h239-112.2012,2012-05-09
h231-112.2012,2012-05-09
h219-112.2012,2012-05-09
h228-112.2012,2012-05-09
h237-112.2012,2012-05-09
h247-112.2012,2012-05-10
h245-112.2012,2012-05-10
h251-112.2012,2012-05-15
s97-112.2012,2012-05-16
h256-112.2012,2012-05-16
s99-112.2012,2012-05-16
h268-112.2012,2012-05-17
h263-112.2012,2012-05-17
h261-112.2012,2012-05-17
h283-112.2012,2012-05-18
h278-112.2012,2012-05-18
h286-112.2012,2012-05-18
h284-112.2012,2012-05-18
h274-112.2012,2012-05-18
h287-112.2012,2012-05-18
s104-112.2012,2012-05-21
s106-112.2012,2012-05-24
h299-112.2012,2012-05-31
h310-112.2012,2012-06-01
h308-112.2012,2012-06-01
h313-112.2012,2012-06-01
s114-112.2012,2012-06-04
h317-112.2012,2012-06-05
h318-112.2012,2012-06-05
h315-112.2012,2012-06-05
h320-112.2012,2012-06-06
h352-112.2012,2012-06-06
h321-112.2012,2012-06-06
h334-112.2012,2012-06-06
h337-112.2012,2012-06-06
h322-112.2012,2012-06-06
h348-112.2012,2012-06-06
h367-112.2012,2012-06-07
h364-112.2012,2012-06-07
h361-112.2012,2012-06-07
h360-112.2012,2012-06-07
h369-112.2012,2012-06-07
h378-112.2012,2012-06-08
h375-112.2012,2012-06-08
s119-112.2012,2012-06-13
h379-112.2012,2012-06-18
s128-112.2012,2012-06-19
h385-112.2012,2012-06-19
s156-112.2012,2012-06-20
s150-112.2012,2012-06-20
s140-112.2012,2012-06-20
s161-112.2012,2012-06-21
h403-112.2012,2012-06-21
h393-112.2012,2012-06-21
h410-112.2012,2012-06-21
h408-112.2012,2012-06-21
s166-112.2012,2012-06-25
h418-112.2012,2012-06-26
h414-112.2012,2012-06-26
h426-112.2012,2012-06-27
h424-112.2012,2012-06-27
h436-112.2012,2012-06-27
h425-112.2012,2012-06-27
h437-112.2012,2012-06-28
s170-112.2012,2012-06-29
s169-112.2012,2012-06-29
h450-112.2012,2012-06-29
h453-112.2012,2012-07-09
h457-112.2012,2012-07-10
s174-112.2012,2012-07-10
h459-112.2012,2012-07-11
h460-112.2012,2012-07-11
h464-112.2012,2012-07-12
h468-112.2012,2012-07-12
h466-112.2012,2012-07-12
s176-112.2012,2012-07-12
h478-112.2012,2012-07-18
h471-112.2012,2012-07-18
h480-112.2012,2012-07-18
h482-112.2012,2012-07-18
h479-112.2012,2012-07-18
h495-112.2012,2012-07-19
h493-112.2012,2012-07-19
h489-112.2012,2012-07-19
h487-112.2012,2012-07-19
h490-112.2012,2012-07-19
h494-112.2012,2012-07-19
h518-112.2012,2012-07-25
s184-112.2012,2012-07-25
h515-112.2012,2012-07-25
h504-112.2012,2012-07-25
h511-112.2012,2012-07-25
h513-112.2012,2012-07-25
s185-112.2012,2012-07-26
h528-112.2012,2012-07-26
h521-112.2012,2012-07-26
h525-112.2012,2012-07-26
h546-112.2012,2012-08-01
h540-112.2012,2012-08-01
h553-112.2012,2012-08-02
s188-112.2012,2012-08-02
h552-112.2012,2012-08-02
h557-112.2012,2012-09-10
s190-112.2012,2012-09-10
s192-112.2012,2012-09-12
h565-112.2012,2012-09-12
h571-112.2012,2012-09-12
h579-112.2012,2012-09-13
h578-112.2012,2012-09-13
h591-112.2012,2012-09-20
s195-112.2012,2012-09-20
h600-112.2012,2012-09-21
h601-112.2012,2012-09-21
h596-112.2012,2012-09-21
h592-112.2012,2012-09-21
s200-112.2012,2012-09-22
s198-112.2012,2012-09-22
s201-112.2012,2012-11-13
h608-112.2012,2012-11-16
s214-112.2012,2012-11-30
s215-112.2012,2012-11-30
h612-112.2012,2012-11-30
s218-112.2012,2012-12-03
s219-112.2012,2012-12-04
s222-112.2012,2012-12-05
s224-112.2012,2012-12-06
s223-112.2012,2012-12-06
h623-112.2012,2012-12-12
s227-112.2012,2012-12-13
h627-112.2012,2012-12-17
h629-112.2012,2012-12-18
h634-112.2012,2012-12-19
h636-112.2012,2012-12-19
h640-112.2012,2012-12-20
h647-112.2012,2012-12-20
h646-112.2012,2012-12-20
h648-112.2012,2012-12-20
h639-112.2012,2012-12-20
h645-112.2012,2012-12-20
s241-112.2012,2012-12-28
s246-112.2012,2012-12-28
s240-112.2012,2012-12-28
h650-112.2012,2012-12-30
s250-112.2012,2012-12-30
h651-112.2012,2012-12-30
h649-112.2012,2012-12-30
h653-112.2012,2012-12-31
h656-112.2012,2013-01-01
h6-113.2013,2013-01-03
h22-113.2013,2013-01-15
h18-113.2013,2013-01-15
s2-113.2013,2013-01-24
s10-113.2013,2013-01-31
h31-113.2013,2013-02-04
h34-113.2013,2013-02-05
h37-113.2013,2013-02-06
s18-113.2013,2013-02-12
s19-113.2013,2013-02-12
h39-113.2013,2013-02-13
s21-113.2013,2013-02-14
h43-113.2013,2013-02-15
s22-113.2013,2013-02-25
s23-113.2013,2013-02-26
h50-113.2013,2013-02-26
h49-113.2013,2013-02-26
h52-113.2013,2013-02-27
h58-113.2013,2013-03-05
h61-113.2013,2013-03-06
s31-113.2013,2013-03-07
h63-113.2013,2013-03-12
h68-113.2013,2013-03-13
h64-113.2013,2013-03-13
h76-113.2013,2013-03-18
h83-113.2013,2013-03-20
s42-113.2013,2013-03-20
h84-113.2013,2013-03-20
h86-113.2013,2013-03-20
s48-113.2013,2013-03-21
s57-113.2013,2013-03-22
s53-113.2013,2013-03-22
s70-113.2013,2013-03-22
s64-113.2013,2013-03-22
s61-113.2013,2013-03-22
s67-113.2013,2013-03-22
s75-113.2013,2013-03-22
s54-113.2013,2013-03-22
s68-113.2013,2013-03-22
s74-113.2013,2013-03-22
s92-113.2013,2013-03-23
s90-113.2013,2013-03-23
s79-113.2013,2013-03-23
s94-113.2013,2013-04-10
h95-113.2013,2013-04-10
h94-113.2013,2013-04-10
h100-113.2013,2013-04-12
h103-113.2013,2013-04-15
s97-113.2013,2013-04-17
s103-113.2013,2013-04-17
s104-113.2013,2013-04-18
h117-113.2013,2013-04-18
h114-113.2013,2013-04-18
h113-113.2013,2013-04-18
h121-113.2013,2013-04-24
s108-113.2013,2013-04-24
h127-113.2013,2013-04-26
h131-113.2013,2013-05-06
s112-113.2013,2013-05-06
h132-113.2013,2013-05-07
h135-113.2013,2013-05-08
s116-113.2013,2013-05-08
s115-113.2013,2013-05-08
h142-113.2013,2013-05-09
h146-113.2013,2013-05-14
h147-113.2013,2013-05-15
h160-113.2013,2013-05-17
h158-113.2013,2013-05-17
h164-113.2013,2013-05-21
h173-113.2013,2013-05-22
h176-113.2013,2013-05-22
h169-113.2013,2013-05-22
h174-113.2013,2013-05-22
h172-113.2013,2013-05-22
s139-113.2013,2013-05-23
s137-113.2013,2013-05-23
s136-113.2013,2013-05-23
h185-113.2013,2013-06-03
h206-113.2013,2013-06-05
h204-113.2013,2013-06-05
h200-113.2013,2013-06-05
h209-113.2013,2013-06-06
s143-113.2013,2013-06-06
h213-113.2013,2013-06-11
h214-113.2013,2013-06-12
h216-113.2013,2013-06-12
h221-113.2013,2013-06-13
s149-113.2013,2013-06-13
h233-113.2013,2013-06-14
h243-113.2013,2013-06-14
h242-113.2013,2013-06-14
h246-113.2013,2013-06-17
h256-113.2013,2013-06-19
s154-113.2013,2013-06-19
h262-113.2013,2013-06-19
h270-113.2013,2013-06-20
h272-113.2013,2013-06-20
h286-113.2013,2013-06-20
h274-113.2013,2013-06-20
h268-113.2013,2013-06-20
h279-113.2013,2013-06-20
h278-113.2013,2013-06-20
h271-113.2013,2013-06-20
h287-113.2013,2013-06-25
s164-113.2013,2013-06-26
s163-113.2013,2013-06-26
h289-113.2013,2013-06-26
s166-113.2013,2013-06-27
h297-113.2013,2013-06-27
s167-113.2013,2013-06-27
h304-113.2013,2013-06-28
h299-113.2013,2013-06-28
h306-113.2013,2013-07-08
h305-113.2013,2013-07-08
s169-113.2013,2013-07-08
h321-113.2013,2013-07-09
h309-113.2013,2013-07-09
h308-113.2013,2013-07-09
h325-113.2013,2013-07-09
h318-113.2013,2013-07-09
h328-113.2013,2013-07-10
h330-113.2013,2013-07-10
h333-113.2013,2013-07-10
h334-113.2013,2013-07-10
h329-113.2013,2013-07-10
h352-113.2013,2013-07-11
h349-113.2013,2013-07-11
s173-113.2013,2013-07-16
s175-113.2013,2013-07-17
h360-113.2013,2013-07-17
s176-113.2013,2013-07-17
h366-113.2013,2013-07-18
h364-113.2013,2013-07-18
h373-113.2013,2013-07-19
h371-113.2013,2013-07-19
h398-113.2013,2013-07-23
h396-113.2013,2013-07-23
h383-113.2013,2013-07-23
h391-113.2013,2013-07-23
h382-113.2013,2013-07-23
h378-113.2013,2013-07-23
h414-113.2013,2013-07-24
h412-113.2013,2013-07-24
h405-113.2013,2013-07-24
h408-113.2013,2013-07-24
h409-113.2013,2013-07-24
h406-113.2013,2013-07-24
h404-113.2013,2013-07-24
h417-113.2013,2013-07-25
h419-113.2013,2013-07-30
h425-113.2013,2013-07-30
h427-113.2013,2013-07-31
h432-113.2013,2013-08-01
h440-113.2013,2013-08-02
h445-113.2013,2013-08-02
h444-113.2013,2013-08-02
h447-113.2013,2013-08-02
h450-113.2013,2013-09-10
h451-113.2013,2013-09-10
h456-113.2013,2013-09-11
h460-113.2013,2013-09-17
h464-113.2013,2013-09-18
h469-113.2013,2013-09-18
h467-113.2013,2013-09-18
h476-113.2013,2013-09-19
h485-113.2013,2013-09-25
s205-113.2013,2013-09-25
h484-113.2013,2013-09-25
h490-113.2013,2013-09-26
s209-113.2013,2013-09-27
h494-113.2013,2013-09-28
h495-113.2013,2013-09-28
h499-113.2013,2013-09-29
s210-113.2013,2013-09-30
h503-113.2013,2013-09-30
h501-113.2013,2013-09-30
s212-113.2013,2013-10-01
h505-113.2013,2013-10-01
h507-113.2013,2013-10-01
h508-113.2013,2013-10-01
h510-113.2013,2013-10-02
h517-113.2013,2013-10-03
h520-113.2013,2013-10-04
h521-113.2013,2013-10-04
h525-113.2013,2013-10-05
h538-113.2013,2013-10-09
h539-113.2013,2013-10-10
h540-113.2013,2013-10-10
h543-113.2013,2013-10-11
h548-113.2013,2013-10-14
h547-113.2013,2013-10-14
s217-113.2013,2013-10-14
s218-113.2013,2013-10-16
h551-113.2013,2013-10-22
h553-113.2013,2013-10-22
h555-113.2013,2013-10-23
h559-113.2013,2013-10-23
h556-113.2013,2013-10-23
h562-113.2013,2013-10-28
h565-113.2013,2013-10-29
h563-113.2013,2013-10-29
s220-113.2013,2013-10-29
h569-113.2013,2013-10-30
s223-113.2013,2013-10-30
s227-113.2013,2013-10-31
h574-113.2013,2013-11-13
h580-113.2013,2013-11-14
h582-113.2013,2013-11-14
h586-113.2013,2013-11-15
h584-113.2013,2013-11-15
h591-113.2013,2013-11-19
s238-113.2013,2013-11-19
h604-113.2013,2013-11-20
h599-113.2013,2013-11-20
h592-113.2013,2013-11-20
h596-113.2013,2013-11-20
h602-113.2013,2013-11-20
s244-113.2013,2013-11-21
s242-113.2013,2013-11-21
s246-113.2013,2013-11-21
s243-113.2013,2013-11-21
h608-113.2013,2013-11-21
h607-113.2013,2013-11-21
s245-113.2013,2013-11-21
h612-113.2013,2013-12-02
h616-113.2013,2013-12-03
h619-113.2013,2013-12-04
h623-113.2013,2013-12-05
h628-113.2013,2013-12-05
s247-113.2013,2013-12-10
s253-113.2013,2013-12-10
s250-113.2013,2013-12-10
h632-113.2013,2013-12-11
h634-113.2013,2013-12-11
s263-113.2013,2013-12-12
s268-113.2013,2013-12-12
s262-113.2013,2013-12-12
s267-113.2013,2013-12-12
s260-113.2013,2013-12-12
h639-113.2013,2013-12-12
s264-113.2013,2013-12-12
s271-113.2013,2013-12-13
s274-113.2013,2013-12-16
s278-113.2013,2013-12-16
s275-113.2013,2013-12-16
s287-113.2013,2013-12-20
s290-113.2013,2013-12-20
h1-113.2014,2014-01-07
h3-113.2014,2014-01-08
h4-113.2014,2014-01-08
h10-113.2014,2014-01-09
h11-113.2014,2014-01-10
s10-113.2014,2014-01-14
s9-113.2014,2014-01-14
s11-113.2014,2014-01-15
h22-113.2014,2014-01-16
s14-113.2014,2014-01-27
h25-113.2014,2014-01-27
h30-113.2014,2014-01-28
h26-113.2014,2014-01-28
h35-113.2014,2014-02-04
h34-113.2014,2014-02-04
h38-113.2014,2014-02-05
h42-113.2014,2014-02-05
h41-113.2014,2014-02-05
h52-113.2014,2014-02-06
h56-113.2014,2014-02-10
h55-113.2014,2014-02-10
h61-113.2014,2014-02-11
s29-113.2014,2014-02-11
h60-113.2014,2014-02-11
h59-113.2014,2014-02-11
s35-113.2014,2014-02-12
s36-113.2014,2014-02-24
h69-113.2014,2014-02-26
h70-113.2014,2014-02-26
h78-113.2014,2014-02-27
h84-113.2014,2014-02-27
h71-113.2014,2014-02-27
h74-113.2014,2014-02-27
s47-113.2014,2014-02-27
h79-113.2014,2014-02-27
h88-113.2014,2014-02-28
h92-113.2014,2014-03-04
h95-113.2014,2014-03-05
s49-113.2014,2014-03-05
h97-113.2014,2014-03-05
s50-113.2014,2014-03-05
h114-113.2014,2014-03-06
h108-113.2014,2014-03-06
h106-113.2014,2014-03-06
h103-113.2014,2014-03-06
s64-113.2014,2014-03-11
h115-113.2014,2014-03-11
s65-113.2014,2014-03-11
s67-113.2014,2014-03-12
h123-113.2014,2014-03-12
h121-113.2014,2014-03-12
s71-113.2014,2014-03-12
h126-113.2014,2014-03-13
h130-113.2014,2014-03-13
h134-113.2014,2014-03-14
s79-113.2014,2014-03-24
s85-113.2014,2014-03-26
s87-113.2014,2014-03-26
s86-113.2014,2014-03-26
h148-113.2014,2014-03-27
h154-113.2014,2014-04-02
h166-113.2014,2014-04-07
h169-113.2014,2014-04-08
h167-113.2014,2014-04-08
h172-113.2014,2014-04-09
s105-113.2014,2014-04-09
h176-113.2014,2014-04-10
h179-113.2014,2014-04-28
s116-113.2014,2014-04-29
s111-113.2014,2014-04-29
s112-113.2014,2014-04-29
s122-113.2014,2014-04-30
s117-113.2014,2014-04-30
h187-113.2014,2014-04-30
s121-113.2014,2014-04-30
s123-113.2014,2014-04-30
h193-113.2014,2014-05-01
s128-113.2014,2014-05-01
s124-113.2014,2014-05-01
s130-113.2014,2014-05-05
h196-113.2014,2014-05-06
s131-113.2014,2014-05-06
h201-113.2014,2014-05-07
h199-113.2014,2014-05-07
s133-113.2014,2014-05-07
h206-113.2014,2014-05-08
h217-113.2014,2014-05-09
h216-113.2014,2014-05-09
h213-113.2014,2014-05-09
s141-113.2014,2014-05-12
s147-113.2014,2014-05-14
s157-113.2014,2014-05-15
h222-113.2014,2014-05-20
h226-113.2014,2014-05-21
h229-113.2014,2014-05-21
h233-113.2014,2014-05-22
h238-113.2014,2014-05-22
h235-113.2014,2014-05-22
h237-113.2014,2014-05-22
h246-113.2014,2014-05-29
h250-113.2014,2014-05-29
h261-113.2014,2014-05-30
h259-113.2014,2014-05-30
h269-113.2014,2014-05-30
h256-113.2014,2014-05-30
h264-113.2014,2014-05-30
h263-113.2014,2014-05-30
s165-113.2014,2014-06-03
s166-113.2014,2014-06-03
h273-113.2014,2014-06-09
h272-113.2014,2014-06-09
h274-113.2014,2014-06-09
s178-113.2014,2014-06-09
h292-113.2014,2014-06-10
h293-113.2014,2014-06-10
h290-113.2014,2014-06-10
h281-113.2014,2014-06-10
h285-113.2014,2014-06-10
h283-113.2014,2014-06-10
h280-113.2014,2014-06-10
s185-113.2014,2014-06-11
h299-113.2014,2014-06-11
h305-113.2014,2014-06-11
h306-113.2014,2014-06-11
h312-113.2014,2014-06-12
h310-113.2014,2014-06-12
s191-113.2014,2014-06-12
h309-113.2014,2014-06-12
s194-113.2014,2014-06-16
h314-113.2014,2014-06-17
s199-113.2014,2014-06-17
h313-113.2014,2014-06-17
h323-113.2014,2014-06-19
h327-113.2014,2014-06-19
h320-113.2014,2014-06-19
h318-113.2014,2014-06-19
h330-113.2014,2014-06-19
h332-113.2014,2014-06-20
s203-113.2014,2014-06-23
s202-113.2014,2014-06-23
h339-113.2014,2014-06-23
h345-113.2014,2014-06-24
s206-113.2014,2014-06-24
s210-113.2014,2014-06-24
h361-113.2014,2014-06-26
h362-113.2014,2014-06-26
s218-113.2014,2014-07-07
h369-113.2014,2014-07-08
h372-113.2014,2014-07-09
h373-113.2014,2014-07-09
s219-113.2014,2014-07-09
h377-113.2014,2014-07-09
h386-113.2014,2014-07-10
h392-113.2014,2014-07-10
h396-113.2014,2014-07-10
h382-113.2014,2014-07-10
h381-113.2014,2014-07-10
s220-113.2014,2014-07-10
h391-113.2014,2014-07-10
h394-113.2014,2014-07-10
h405-113.2014,2014-07-14
s222-113.2014,2014-07-15
s225-113.2014,2014-07-15
h409-113.2014,2014-07-15
h417-113.2014,2014-07-16
h422-113.2014,2014-07-16
s226-113.2014,2014-07-16
h424-113.2014,2014-07-16
s230-113.2014,2014-07-17
h433-113.2014,2014-07-22
h443-113.2014,2014-07-24
h442-113.2014,2014-07-24
h444-113.2014,2014-07-24
h453-113.2014,2014-07-25
h459-113.2014,2014-07-29
h465-113.2014,2014-07-30
h471-113.2014,2014-07-31
s252-113.2014,2014-07-31
h472-113.2014,2014-07-31
h479-113.2014,2014-08-01
h481-113.2014,2014-09-08
h489-113.2014,2014-09-09
h492-113.2014,2014-09-10
h490-113.2014,2014-09-10
s261-113.2014,2014-09-11
h495-113.2014,2014-09-11
s264-113.2014,2014-09-15
h505-113.2014,2014-09-17
h508-113.2014,2014-09-17
h507-113.2014,2014-09-17
h510-113.2014,2014-09-18
s269-113.2014,2014-09-18
h512-113.2014,2014-09-18
s268-113.2014,2014-09-18
s273-113.2014,2014-11-13
s274-113.2014,2014-11-13
h522-113.2014,2014-11-18
s281-113.2014,2014-11-18
s282-113.2014,2014-11-18
s285-113.2014,2014-11-19
s287-113.2014,2014-11-19
h526-113.2014,2014-11-19
h530-113.2014,2014-11-20
h533-113.2014,2014-12-01
s293-113.2014,2014-12-02
s301-113.2014,2014-12-03
h545-113.2014,2014-12-03
s302-113.2014,2014-12-03
h541-113.2014,2014-12-03
s308-113.2014,2014-12-04
h548-113.2014,2014-12-04
s313-113.2014,2014-12-04
h550-113.2014,2014-12-04
s317-113.2014,2014-12-08
s321-113.2014,2014-12-09
h556-113.2014,2014-12-10
h559-113.2014,2014-12-10
s325-113.2014,2014-12-12
s348-113.2014,2014-12-13
s352-113.2014,2014-12-13
s335-113.2014,2014-12-13
s331-113.2014,2014-12-13
s333-113.2014,2014-12-13
s332-113.2014,2014-12-13
s346-113.2014,2014-12-13
s355-113.2014,2014-12-15
s359-113.2014,2014-12-16
h10-114.2015,2015-01-07
h9-114.2015,2015-01-07
h24-114.2015,2015-01-13
h23-114.2015,2015-01-13
h22-114.2015,2015-01-13
h20-114.2015,2015-01-13
h29-114.2015,2015-01-14
h33-114.2015,2015-01-14
s6-114.2015,2015-01-20
s5-114.2015,2015-01-20
s4-114.2015,2015-01-20
s11-114.2015,2015-01-21
s10-114.2015,2015-01-21
s17-114.2015,2015-01-22
s25-114.2015,2015-01-22
s19-114.2015,2015-01-22
h45-114.2015,2015-01-22
h48-114.2015,2015-01-27
s35-114.2015,2015-01-28
s46-114.2015,2015-01-29
s42-114.2015,2015-01-29
s48-114.2015,2015-01-29
h55-114.2015,2015-02-03
h58-114.2015,2015-02-03
h56-114.2015,2015-02-03
h63-114.2015,2015-02-04
h59-114.2015,2015-02-04
h61-114.2015,2015-02-04
s53-114.2015,2015-02-05
h68-114.2015,2015-02-05
h70-114.2015,2015-02-10
h69-114.2015,2015-02-10
h72-114.2015,2015-02-11
h80-114.2015,2015-02-12
h87-114.2015,2015-02-25
s58-114.2015,2015-02-25
h95-114.2015,2015-02-26
h99-114.2015,2015-02-26
h93-114.2015,2015-02-26
h92-114.2015,2015-02-26
h101-114.2015,2015-02-27
s59-114.2015,2015-02-27
h104-114.2015,2015-02-27
s62-114.2015,2015-02-27
h102-114.2015,2015-02-27
h100-114.2015,2015-02-27
h107-114.2015,2015-03-02
s65-114.2015,2015-03-02
s70-114.2015,2015-03-12
h114-114.2015,2015-03-16
h113-114.2015,2015-03-16
h120-114.2015,2015-03-17
h122-114.2015,2015-03-18
h131-114.2015,2015-03-23
h130-114.2015,2015-03-23
s84-114.2015,2015-03-24
s81-114.2015,2015-03-24
h138-114.2015,2015-03-25
s92-114.2015,2015-03-25
s118-114.2015,2015-03-26
s112-114.2015,2015-03-26
s95-114.2015,2015-03-26
s116-114.2015,2015-03-26
s103-114.2015,2015-03-26
s99-114.2015,2015-03-26
s110-114.2015,2015-03-26
s121-114.2015,2015-03-26
s93-114.2015,2015-03-26
s114-114.2015,2015-03-26
s119-114.2015,2015-03-26
s107-114.2015,2015-03-26
s104-114.2015,2015-03-26
h149-114.2015,2015-04-14
s139-114.2015,2015-04-14
h148-114.2015,2015-04-14
s137-114.2015,2015-04-14
s141-114.2015,2015-04-14
h157-114.2015,2015-04-15
s153-114.2015,2015-04-15
s150-114.2015,2015-04-15
s154-114.2015,2015-04-16
h162-114.2015,2015-04-21
h166-114.2015,2015-04-22
h170-114.2015,2015-04-22
s165-114.2015,2015-04-23
h172-114.2015,2015-04-23
s166-114.2015,2015-04-27
h175-114.2015,2015-04-28
h177-114.2015,2015-04-29
h178-114.2015,2015-04-29
h201-114.2015,2015-04-30
h192-114.2015,2015-04-30
h184-114.2015,2015-04-30
h203-114.2015,2015-04-30
h200-114.2015,2015-04-30
h190-114.2015,2015-04-30
h204-114.2015,2015-04-30
h210-114.2015,2015-05-01
h214-114.2015,2015-05-01
s170-114.2015,2015-05-05
s176-114.2015,2015-05-12
h220-114.2015,2015-05-12
h216-114.2015,2015-05-12
h217-114.2015,2015-05-12
h224-114.2015,2015-05-13
h226-114.2015,2015-05-14
h232-114.2015,2015-05-14
s179-114.2015,2015-05-14
h231-114.2015,2015-05-14
h235-114.2015,2015-05-15
h238-114.2015,2015-05-15
h254-114.2015,2015-05-20
h257-114.2015,2015-05-20
h256-114.2015,2015-05-20
h252-114.2015,2015-05-20
h260-114.2015,2015-05-20
s189-114.2015,2015-05-22
s193-114.2015,2015-05-22
s186-114.2015,2015-05-22
h266-114.2015,2015-06-01
h270-114.2015,2015-06-02
h268-114.2015,2015-06-02
s199-114.2015,2015-06-02
h290-114.2015,2015-06-03
h295-114.2015,2015-06-03
h275-114.2015,2015-06-03
h291-114.2015,2015-06-03
h281-114.2015,2015-06-03
h288-114.2015,2015-06-03
h289-114.2015,2015-06-03
h308-114.2015,2015-06-04
h302-114.2015,2015-06-04
s202-114.2015,2015-06-04
s203-114.2015,2015-06-04
h320-114.2015,2015-06-09
h321-114.2015,2015-06-09
s205-114.2015,2015-06-09
h327-114.2015,2015-06-09
h316-114.2015,2015-06-09
h309-114.2015,2015-06-09
h317-114.2015,2015-06-09
h338-114.2015,2015-06-10
h332-114.2015,2015-06-10
h333-114.2015,2015-06-10
h346-114.2015,2015-06-11
h360-114.2015,2015-06-11
h347-114.2015,2015-06-11
h348-114.2015,2015-06-11
h349-114.2015,2015-06-11
h361-114.2015,2015-06-12
h362-114.2015,2015-06-12
h364-114.2015,2015-06-15
s209-114.2015,2015-06-16
h368-114.2015,2015-06-16
h371-114.2015,2015-06-17
s215-114.2015,2015-06-18
s216-114.2015,2015-06-18
s221-114.2015,2015-07-07
h402-114.2015,2015-07-08
h423-114.2015,2015-07-08
h419-114.2015,2015-07-08
h421-114.2015,2015-07-08
h400-114.2015,2015-07-08
h412-114.2015,2015-07-08
h406-114.2015,2015-07-08
h401-114.2015,2015-07-08
h403-114.2015,2015-07-08
s228-114.2015,2015-07-09
s229-114.2015,2015-07-09
h428-114.2015,2015-07-09
h424-114.2015,2015-07-09
h426-114.2015,2015-07-09
h429-114.2015,2015-07-09
h431-114.2015,2015-07-10
s231-114.2015,2015-07-13
h437-114.2015,2015-07-14
h435-114.2015,2015-07-14
s236-114.2015,2015-07-14
s240-114.2015,2015-07-15
h447-114.2015,2015-07-16
s246-114.2015,2015-07-16
s247-114.2015,2015-07-16
s242-114.2015,2015-07-16
h444-114.2015,2015-07-16
s244-114.2015,2015-07-16
h449-114.2015,2015-07-21
h453-114.2015,2015-07-22
h456-114.2015,2015-07-22
h461-114.2015,2015-07-23
h465-114.2015,2015-07-23
h468-114.2015,2015-07-27
h472-114.2015,2015-07-28
h479-114.2015,2015-07-28
h477-114.2015,2015-07-28
h474-114.2015,2015-07-28
h488-114.2015,2015-07-29
s261-114.2015,2015-07-30
s263-114.2015,2015-09-08
h490-114.2015,2015-09-08
h492-114.2015,2015-09-10
h493-114.2015,2015-09-11
h501-114.2015,2015-09-17
h503-114.2015,2015-09-17
h497-114.2015,2015-09-17
h505-114.2015,2015-09-18
s269-114.2015,2015-09-22
s270-114.2015,2015-09-24
h511-114.2015,2015-09-25
h510-114.2015,2015-09-25
h516-114.2015,2015-09-25
h520-114.2015,2015-09-28
h525-114.2015,2015-09-30
h528-114.2015,2015-09-30
h533-114.2015,2015-10-01
s273-114.2015,2015-10-01
s275-114.2015,2015-10-06
s277-114.2015,2015-10-07
h541-114.2015,2015-10-08
h545-114.2015,2015-10-09
h547-114.2015,2015-10-09
s280-114.2015,2015-10-20
h557-114.2015,2015-10-21
h565-114.2015,2015-10-22
h561-114.2015,2015-10-22
h560-114.2015,2015-10-22
h566-114.2015,2015-10-22
s282-114.2015,2015-10-22
h568-114.2015,2015-10-23
h569-114.2015,2015-10-26
h572-114.2015,2015-10-27
s285-114.2015,2015-10-27
s291-114.2015,2015-10-27
s288-114.2015,2015-10-27
h570-114.2015,2015-10-27
h577-114.2015,2015-10-28
h579-114.2015,2015-10-28
s294-114.2015,2015-10-30
h592-114.2015,2015-11-03
h590-114.2015,2015-11-03
h587-114.2015,2015-11-03
h614-114.2015,2015-11-04
h596-114.2015,2015-11-04
h611-114.2015,2015-11-04
h625-114.2015,2015-11-05
h619-114.2015,2015-11-05
s298-114.2015,2015-11-05
s301-114.2015,2015-11-10
h632-114.2015,2015-11-17
h633-114.2015,2015-11-17
s306-114.2015,2015-11-17
h637-114.2015,2015-11-18
h634-114.2015,2015-11-18
h643-114.2015,2015-11-19
h640-114.2015,2015-11-19
h652-114.2015,2015-12-01
h646-114.2015,2015-12-01
h650-114.2015,2015-12-01
h659-114.2015,2015-12-02
h664-114.2015,2015-12-02
h663-114.2015,2015-12-02
h656-114.2015,2015-12-02
s326-114.2015,2015-12-03
s316-114.2015,2015-12-03
s327-114.2015,2015-12-03
h672-114.2015,2015-12-03
h666-114.2015,2015-12-03
s329-114.2015,2015-12-03
s314-114.2015,2015-12-03
s324-114.2015,2015-12-03
s332-114.2015,2015-12-07
h679-114.2015,2015-12-08
s333-114.2015,2015-12-08
h689-114.2015,2015-12-10
h690-114.2015,2015-12-11
h692-114.2015,2015-12-11
h694-114.2015,2015-12-15
h6-114.2016,2016-01-06
h4-114.2016,2016-01-06
h5-114.2016,2016-01-06
h11-114.2016,2016-01-07
h13-114.2016,2016-01-07
h15-114.2016,2016-01-07
h8-114.2016,2016-01-07
h17-114.2016,2016-01-07
h30-114.2016,2016-01-08
s2-114.2016,2016-01-12
h42-114.2016,2016-01-12
s5-114.2016,2016-01-21
s8-114.2016,2016-01-28
h46-114.2016,2016-02-01
h47-114.2016,2016-02-01
s12-114.2016,2016-02-02
h48-114.2016,2016-02-02
s10-114.2016,2016-02-02
h58-114.2016,2016-02-03
h61-114.2016,2016-02-03
h59-114.2016,2016-02-03
s17-114.2016,2016-02-04
h64-114.2016,2016-02-09
h65-114.2016,2016-02-10
h68-114.2016,2016-02-10
h72-114.2016,2016-02-11
s22-114.2016,2016-02-11
h79-114.2016,2016-02-12
h81-114.2016,2016-02-12
h89-114.2016,2016-02-25
h100-114.2016,2016-02-26
h101-114.2016,2016-02-26
h94-114.2016,2016-02-26
h98-114.2016,2016-02-26
h104-114.2016,2016-03-01
s28-114.2016,2016-03-02
s30-114.2016,2016-03-02
s29-114.2016,2016-03-02
s31-114.2016,2016-03-03
h106-114.2016,2016-03-03
h111-114.2016,2016-03-14
h113-114.2016,2016-03-14
h123-114.2016,2016-03-15
h120-114.2016,2016-03-15
h125-114.2016,2016-03-16
h132-114.2016,2016-03-22
h136-114.2016,2016-03-23
h152-114.2016,2016-04-15
h153-114.2016,2016-04-18
h159-114.2016,2016-04-20
s56-114.2016,2016-04-20
s57-114.2016,2016-04-21
h164-114.2016,2016-04-26
h167-114.2016,2016-04-27
h177-114.2016,2016-04-28
h179-114.2016,2016-04-29
h178-114.2016,2016-04-29
s66-114.2016,2016-05-09
h180-114.2016,2016-05-10
s70-114.2016,2016-05-11
h185-114.2016,2016-05-11
h182-114.2016,2016-05-11
s68-114.2016,2016-05-11
h184-114.2016,2016-05-11
h191-114.2016,2016-05-13
h193-114.2016,2016-05-13
s72-114.2016,2016-05-16
h199-114.2016,2016-05-17
h208-114.2016,2016-05-18
h204-114.2016,2016-05-18
h209-114.2016,2016-05-18
h211-114.2016,2016-05-18
h206-114.2016,2016-05-18
h221-114.2016,2016-05-19
h225-114.2016,2016-05-19
h227-114.2016,2016-05-19
h226-114.2016,2016-05-19
s81-114.2016,2016-05-19
h237-114.2016,2016-05-24
h232-114.2016,2016-05-24
h231-114.2016,2016-05-24
h249-114.2016,2016-05-25
h250-114.2016,2016-05-25
h261-114.2016,2016-05-25
h262-114.2016,2016-05-25
h246-114.2016,2016-05-25
h268-114.2016,2016-05-26
h266-114.2016,2016-05-26
s91-114.2016,2016-06-07
h271-114.2016,2016-06-07
s90-114.2016,2016-06-07
h280-114.2016,2016-06-08
h278-114.2016,2016-06-08
s96-114.2016,2016-06-09
h287-114.2016,2016-06-09
h288-114.2016,2016-06-09
h286-114.2016,2016-06-09
h289-114.2016,2016-06-10
h296-114.2016,2016-06-10
s97-114.2016,2016-06-10
h291-114.2016,2016-06-10
h297-114.2016,2016-06-13
s99-114.2016,2016-06-14
h329-114.2016,2016-06-16
h308-114.2016,2016-06-16
h332-114.2016,2016-06-16
h323-114.2016,2016-06-16
h313-114.2016,2016-06-16
h331-114.2016,2016-06-16
h316-114.2016,2016-06-16
h306-114.2016,2016-06-16
h322-114.2016,2016-06-16
h333-114.2016,2016-06-16
h318-114.2016,2016-06-16
s103-114.2016,2016-06-20
h336-114.2016,2016-06-21
s108-114.2016,2016-06-22
h339-114.2016,2016-06-23
s109-114.2016,2016-06-23
s111-114.2016,2016-06-27
s113-114.2016,2016-06-29
s114-114.2016,2016-06-29
h347-114.2016,2016-07-05
h361-114.2016,2016-07-06
h369-114.2016,2016-07-06
h359-114.2016,2016-07-06
s118-114.2016,2016-07-06
h355-114.2016,2016-07-06
s121-114.2016,2016-07-06
h354-114.2016,2016-07-06
h351-114.2016,2016-07-06
h374-114.2016,2016-07-06
h366-114.2016,2016-07-06
h386-114.2016,2016-07-07
h396-114.2016,2016-07-07
h403-114.2016,2016-07-11
h401-114.2016,2016-07-11
h419-114.2016,2016-07-12
h408-114.2016,2016-07-12
h428-114.2016,2016-07-12
h429-114.2016,2016-07-12
h411-114.2016,2016-07-12
h417-114.2016,2016-07-12
h430-114.2016,2016-07-12
h412-114.2016,2016-07-12
h443-114.2016,2016-07-13
h449-114.2016,2016-07-13
h464-114.2016,2016-07-13
h435-114.2016,2016-07-13
h463-114.2016,2016-07-13
s127-114.2016,2016-07-13
h439-114.2016,2016-07-13
h447-114.2016,2016-07-13
s134-114.2016,2016-07-14
h470-114.2016,2016-07-14
h466-114.2016,2016-07-14
h473-114.2016,2016-07-14
s131-114.2016,2016-07-14
h477-114.2016,2016-07-14
s135-114.2016,2016-09-06
h479-114.2016,2016-09-06
h486-114.2016,2016-09-07
h481-114.2016,2016-09-07
h493-114.2016,2016-09-08
h494-114.2016,2016-09-09
h496-114.2016,2016-09-12
h500-114.2016,2016-09-13
s140-114.2016,2016-09-14
s139-114.2016,2016-09-14
h507-114.2016,2016-09-14
h516-114.2016,2016-09-14
h505-114.2016,2016-09-14
s142-114.2016,2016-09-15
h522-114.2016,2016-09-20
h533-114.2016,2016-09-21
h527-114.2016,2016-09-21
h524-114.2016,2016-09-21
h541-114.2016,2016-09-21
h525-114.2016,2016-09-21
h528-114.2016,2016-09-21
h538-114.2016,2016-09-21
h548-114.2016,2016-09-22
h542-114.2016,2016-09-22